dev@dev-ThinkPad-Edge:~$ mysql -u root -p
Enter password: 
Welcome to the MySQL monitor.  Commands end with ; or \g.
Your MySQL connection id is 343
Server version: 5.7.29-0ubuntu0.16.04.1 (Ubuntu)

Copyright (c) 2000, 2020, Oracle and/or its affiliates. All rights reserved.

Oracle is a registered trademark of Oracle Corporation and/or its
affiliates. Other names may be trademarks of their respective
owners.

Type 'help;' or '\h' for help. Type '\c' to clear the current input statement.

mysql> show databases;
+--------------------+
| Database           |
+--------------------+
| information_schema |
| Loan               |
| kushalAutomobile   |
| mysql              |
| performance_schema |
| sys                |
+--------------------+
6 rows in set (0.04 sec)

mysql> use loan
ERROR 1049 (42000): Unknown database 'loan'
mysql> use Loan;
Reading table information for completion of table and column names
You can turn off this feature to get a quicker startup with -A

Database changed
mysql> show table;
ERROR 1064 (42000): You have an error in your SQL syntax; check the manual that corresponds to your MySQL server version for the right syntax to use near '' at line 1
mysql> show tables;
+--------------------+
| Tables_in_Loan     |
+--------------------+
| bank               |
| hibernate_sequence |
+--------------------+
2 rows in set (0.00 sec)

mysql> desc bank
    -> ;
+------------+--------------+------+-----+---------+-------+
| Field      | Type         | Null | Key | Default | Extra |
+------------+--------------+------+-----+---------+-------+
| accno      | bigint(20)   | NO   | PRI | NULL    |       |
| age        | int(11)      | YES  |     | NULL    |       |
| balance    | double       | YES  |     | NULL    |       |
| email      | varchar(255) | YES  |     | NULL    |       |
| loanamount | double       | YES  |     | NULL    |       |
| name       | varchar(255) | YES  |     | NULL    |       |
| password   | varchar(255) | YES  |     | NULL    |       |
| phoneno    | varchar(255) | YES  |     | NULL    |       |
| username   | varchar(255) | YES  |     | NULL    |       |
+------------+--------------+------+-----+---------+-------+
9 rows in set (0.00 sec)

mysql> select * from bank;
+--------+------+---------+----------------------------+------------+---------+--------------+------------+----------+
| accno  | age  | balance | email                      | loanamount | name    | password     | phoneno    | username |
+--------+------+---------+----------------------------+------------+---------+--------------+------------+----------+
| 108010 |   21 |   10000 | kalpeshnikam1080@gmail.com |          0 | kalpesh | kalpeshnikam | 9049609747 | kalpesh  |
+--------+------+---------+----------------------------+------------+---------+--------------+------------+----------+
1 row in set (0.01 sec)

mysql> select * from bank;
+----------+------+---------+----------------------------+------------+---------+--------------+------------+----------+
| accno    | age  | balance | email                      | loanamount | name    | password     | phoneno    | username |
+----------+------+---------+----------------------------+------------+---------+--------------+------------+----------+
|   108010 |   21 |   10000 | kalpeshnikam1080@gmail.com |          0 | kalpesh | kalpeshnikam | 9049609747 | kalpesh  |
| 10801080 |   22 |   19000 | kalpeshnikam@gmail.com     |          0 | paresh  | paresh1080   | 9049609747 | paresh   |
+----------+------+---------+----------------------------+------------+---------+--------------+------------+----------+
2 rows in set (0.00 sec)

mysql> select * from bank;
+----------+------+---------+----------------------------+------------+---------+--------------+------------+----------+
| accno    | age  | balance | email                      | loanamount | name    | password     | phoneno    | username |
+----------+------+---------+----------------------------+------------+---------+--------------+------------+----------+
|   108010 |   21 |   10000 | kalpeshnikam1080@gmail.com |          0 | kalpesh | kalpeshnikam | 9049609747 | kalpesh  |
| 10801080 |   22 |   19000 | kalpeshnikam@gmail.com     |          0 | paresh  | paresh1080   | 9049609747 | paresh   |
+----------+------+---------+----------------------------+------------+---------+--------------+------------+----------+
2 rows in set (0.02 sec)

mysql> select * from bank;
+----------+------+---------+----------------------------+------------+---------+--------------+------------+----------+
| accno    | age  | balance | email                      | loanamount | name    | password     | phoneno    | username |
+----------+------+---------+----------------------------+------------+---------+--------------+------------+----------+
|   108010 |   21 |   10000 | kalpeshnikam1080@gmail.com |          0 | kalpesh | kalpeshnikam | 9049609747 | kalpesh  |
| 10801080 |   22 |   19000 | kalpeshnikam@gmail.com     |          0 | paresh  | paresh1080   | 9049609747 | paresh   |
+----------+------+---------+----------------------------+------------+---------+--------------+------------+----------+
2 rows in set (0.00 sec)

mysql> select * from bank;
+----------+------+---------+----------------------------+------------+---------+--------------+------------+----------+
| accno    | age  | balance | email                      | loanamount | name    | password     | phoneno    | username |
+----------+------+---------+----------------------------+------------+---------+--------------+------------+----------+
|   108010 |   21 |   10000 | kalpeshnikam1080@gmail.com |          0 | kalpesh | kalpeshnikam | 9049609747 | kalpesh  |
| 10801080 |   22 |   19000 | kalpeshnikam@gmail.com     |       1200 | paresh  | paresh1080   | 9049609747 | paresh   |
+----------+------+---------+----------------------------+------------+---------+--------------+------------+----------+
2 rows in set (0.00 sec)

mysql> select * from bank;
+----------+------+---------+----------------------------+------------+---------+--------------+------------+----------+
| accno    | age  | balance | email                      | loanamount | name    | password     | phoneno    | username |
+----------+------+---------+----------------------------+------------+---------+--------------+------------+----------+
|   108010 |   21 |   10000 | kalpeshnikam1080@gmail.com |          0 | kalpesh | kalpeshnikam | 9049609747 | kalpesh  |
| 10801080 |   22 |   17800 | kalpeshnikam@gmail.com     |       1200 | paresh  | paresh1080   | 9049609747 | paresh   |
+----------+------+---------+----------------------------+------------+---------+--------------+------------+----------+
2 rows in set (0.00 sec)

mysql> select * from bank;
+----------+------+---------+----------------------------+------------+---------+--------------+------------+----------+
| accno    | age  | balance | email                      | loanamount | name    | password     | phoneno    | username |
+----------+------+---------+----------------------------+------------+---------+--------------+------------+----------+
|   108010 |   21 |   15000 | kalpeshnikam1080@gmail.com |          0 | kalpesh | kalpeshnikam | 9049609747 | kalpesh  |
| 10801080 |   22 |   17800 | kalpeshnikam@gmail.com     |       1200 | paresh  | paresh1080   | 9049609747 | paresh   |
+----------+------+---------+----------------------------+------------+---------+--------------+------------+----------+
2 rows in set (0.00 sec)

mysql> select * from bank;
+----------+------+---------+----------------------------+------------+---------+--------------+------------+----------+
| accno    | age  | balance | email                      | loanamount | name    | password     | phoneno    | username |
+----------+------+---------+----------------------------+------------+---------+--------------+------------+----------+
|   108010 |   21 |   15000 | kalpeshnikam1080@gmail.com |          0 | kalpesh | kalpeshnikam | 9049609747 | kalpesh  |
| 10801080 |   22 |   17800 | kalpeshnikam@gmail.com     |       1000 | paresh  | paresh1080   | 9049609747 | paresh   |
+----------+------+---------+----------------------------+------------+---------+--------------+------------+----------+
2 rows in set (0.00 sec)

mysql> select * from bank;
+----------+------+---------+----------------------------+------------+---------+--------------+------------+----------+
| accno    | age  | balance | email                      | loanamount | name    | password     | phoneno    | username |
+----------+------+---------+----------------------------+------------+---------+--------------+------------+----------+
|   108010 |   21 |   15000 | kalpeshnikam1080@gmail.com |          0 | kalpesh | kalpeshnikam | 9049609747 | kalpesh  |
| 10801080 |   22 |   16800 | kalpeshnikam@gmail.com     |          0 | paresh  | paresh1080   | 9049609747 | paresh   |
+----------+------+---------+----------------------------+------------+---------+--------------+------------+----------+
2 rows in set (0.00 sec)

mysql> select * from bank;
+----------+------+---------+----------------------------+------------+---------+--------------+------------+----------+
| accno    | age  | balance | email                      | loanamount | name    | password     | phoneno    | username |
+----------+------+---------+----------------------------+------------+---------+--------------+------------+----------+
|   108010 |   21 |   15000 | kalpeshnikam1080@gmail.com |          0 | kalpesh | kalpeshnikam | 9049609747 | kalpesh  |
| 10801080 |   22 |   16800 | kalpeshnikam@gmail.com     |          0 | paresh  | paresh1080   | 9049609747 | paresh   |
+----------+------+---------+----------------------------+------------+---------+--------------+------------+----------+
2 rows in set (0.00 sec)

mysql> select * from bank;
+----------+------+---------+----------------------------+------------+----------+--------------+------------+----------+
| accno    | age  | balance | email                      | loanamount | name     | password     | phoneno    | username |
+----------+------+---------+----------------------------+------------+----------+--------------+------------+----------+
|     1080 |   25 |   19300 | AnandroaNikam@gmail.com    |          0 | Anandrao | Papa1080     | 9049609747 | Anandroa |
|   108010 |   21 |   15000 | kalpeshnikam1080@gmail.com |          0 | kalpesh  | kalpeshnikam | 9049609747 | kalpesh  |
| 10801080 |   22 |   16800 | kalpeshnikam@gmail.com     |          0 | paresh   | paresh1080   | 9049609747 | paresh   |
+----------+------+---------+----------------------------+------------+----------+--------------+------------+----------+
3 rows in set (0.00 sec)

mysql> select * from transaction;
Empty set (0.00 sec)

mysql> delete from bank where accno=1080;
Query OK, 1 row affected (0.11 sec)

mysql> select * from bank;
+----------+------+---------+----------------------------+------------+---------+--------------+------------+----------+
| accno    | age  | balance | email                      | loanamount | name    | password     | phoneno    | username |
+----------+------+---------+----------------------------+------------+---------+--------------+------------+----------+
|   108010 |   21 |   15000 | kalpeshnikam1080@gmail.com |          0 | kalpesh | kalpeshnikam | 9049609747 | kalpesh  |
| 10801080 |   22 |   16800 | kalpeshnikam@gmail.com     |          0 | paresh  | paresh1080   | 9049609747 | paresh   |
+----------+------+---------+----------------------------+------------+---------+--------------+------------+----------+
2 rows in set (0.00 sec)

mysql> select * from bank;
+----------+------+---------+----------------------------+------------+----------+--------------+------------+----------+
| accno    | age  | balance | email                      | loanamount | name     | password     | phoneno    | username |
+----------+------+---------+----------------------------+------------+----------+--------------+------------+----------+
|     1080 |   25 |   19300 | AnandroaNikam@gmail.com    |          0 | Anandrao | Papa1080     | 9049609747 | Anandroa |
|   108010 |   21 |   15000 | kalpeshnikam1080@gmail.com |          0 | kalpesh  | kalpeshnikam | 9049609747 | kalpesh  |
| 10801080 |   22 |   16800 | kalpeshnikam@gmail.com     |          0 | paresh   | paresh1080   | 9049609747 | paresh   |
+----------+------+---------+----------------------------+------------+----------+--------------+------------+----------+
3 rows in set (0.00 sec)

mysql> select * from transaction;
Empty set (0.00 sec)

mysql> delete from bank where accno=1080;
Query OK, 1 row affected (0.06 sec)

mysql> select * from transaction;
Empty set (0.00 sec)

mysql> select * from bank;
+----------+------+---------+----------------------------+------------+---------+--------------+------------+----------+
| accno    | age  | balance | email                      | loanamount | name    | password     | phoneno    | username |
+----------+------+---------+----------------------------+------------+---------+--------------+------------+----------+
|   108010 |   21 |   15000 | kalpeshnikam1080@gmail.com |          0 | kalpesh | kalpeshnikam | 9049609747 | kalpesh  |
| 10801080 |   22 |   16800 | kalpeshnikam@gmail.com     |          0 | paresh  | paresh1080   | 9049609747 | paresh   |
+----------+------+---------+----------------------------+------------+---------+--------------+------------+----------+
2 rows in set (0.00 sec)

mysql> select * from transaction;
Empty set (0.00 sec)

mysql> select * from bank;
+----------+------+---------+----------------------------+------------+---------+--------------+------------+----------+
| accno    | age  | balance | email                      | loanamount | name    | password     | phoneno    | username |
+----------+------+---------+----------------------------+------------+---------+--------------+------------+----------+
|   108010 |   21 |   15000 | kalpeshnikam1080@gmail.com |          0 | kalpesh | kalpeshnikam | 9049609747 | kalpesh  |
| 10801080 |   22 |   16800 | kalpeshnikam@gmail.com     |          0 | paresh  | paresh1080   | 9049609747 | paresh   |
+----------+------+---------+----------------------------+------------+---------+--------------+------------+----------+
2 rows in set (0.00 sec)

mysql> select * from bank;
+----------+------+---------+----------------------------+------------+---------+--------------+------------+----------+
| accno    | age  | balance | email                      | loanamount | name    | password     | phoneno    | username |
+----------+------+---------+----------------------------+------------+---------+--------------+------------+----------+
|   108010 |   21 |   15000 | kalpeshnikam1080@gmail.com |          0 | kalpesh | kalpeshnikam | 9049609747 | kalpesh  |
| 10801080 |   22 |   16800 | kalpeshnikam@gmail.com     |          0 | paresh  | paresh1080   | 9049609747 | paresh   |
+----------+------+---------+----------------------------+------------+---------+--------------+------------+----------+
2 rows in set (0.00 sec)

mysql> select * from transaction;
Empty set (0.00 sec)

mysql> select * from transaction;
Empty set (0.00 sec)

mysql> select * from bank;
+----------+------+---------+----------------------------+------------+---------+--------------+------------+----------+
| accno    | age  | balance | email                      | loanamount | name    | password     | phoneno    | username |
+----------+------+---------+----------------------------+------------+---------+--------------+------------+----------+
|   108010 |   21 |   15000 | kalpeshnikam1080@gmail.com |          0 | kalpesh | kalpeshnikam | 9049609747 | kalpesh  |
| 10801080 |   22 |   16800 | kalpeshnikam@gmail.com     |          0 | paresh  | paresh1080   | 9049609747 | paresh   |
+----------+------+---------+----------------------------+------------+---------+--------------+------------+----------+
2 rows in set (0.00 sec)

mysql> desc  transaction;
+------------+--------------+------+-----+---------+-------+
| Field      | Type         | Null | Key | Default | Extra |
+------------+--------------+------+-----+---------+-------+
| id         | bigint(20)   | NO   | PRI | NULL    |       |
| account_no | bigint(20)   | YES  |     | NULL    |       |
| message    | varchar(255) | YES  |     | NULL    |       |
+------------+--------------+------+-----+---------+-------+
3 rows in set (0.07 sec)

mysql> drop table transaction;
Query OK, 0 rows affected (0.28 sec)

mysql> select * from bank;
+----------+------+---------+----------------------------+------------+----------+--------------+------------+----------+
| accno    | age  | balance | email                      | loanamount | name     | password     | phoneno    | username |
+----------+------+---------+----------------------------+------------+----------+--------------+------------+----------+
|     1080 |   25 |   19300 | AnandroaNikam@gmail.com    |          0 | Anandrao | Papa1080     | 9049609747 | Anandroa |
|   108010 |   21 |   15000 | kalpeshnikam1080@gmail.com |          0 | kalpesh  | kalpeshnikam | 9049609747 | kalpesh  |
| 10801080 |   22 |   16800 | kalpeshnikam@gmail.com     |          0 | paresh   | paresh1080   | 9049609747 | paresh   |
+----------+------+---------+----------------------------+------------+----------+--------------+------------+----------+
3 rows in set (0.00 sec)

mysql> select * from transaction;
+----+------------+-----------------------------------+
| id | account_no | message                           |
+----+------------+-----------------------------------+
|  1 |       1080 | Create Account for 10802020-04-11 |
+----+------------+-----------------------------------+
1 row in set (0.01 sec)

mysql> select * from bank;
+----------+------+---------+----------------------------+------------+----------+--------------+------------+----------+
| accno    | age  | balance | email                      | loanamount | name     | password     | phoneno    | username |
+----------+------+---------+----------------------------+------------+----------+--------------+------------+----------+
|     1080 |   25 |   19300 | AnandroaNikam@gmail.com    |          0 | Anandrao | Papa1080     | 9049609747 | Anandroa |
|   108010 |   21 |   15000 | kalpeshnikam1080@gmail.com |          0 | kalpesh  | kalpeshnikam | 9049609747 | kalpesh  |
| 10801080 |   22 |   16800 | kalpeshnikam@gmail.com     |          0 | paresh   | paresh1080   | 9049609747 | paresh   |
+----------+------+---------+----------------------------+------------+----------+--------------+------------+----------+
3 rows in set (0.00 sec)

mysql> select * from transaction;
+----+------------+------------------------------------------+
| id | account_no | message                                  |
+----+------------+------------------------------------------+
|  1 |       1080 | Create Account for 10802020-04-11        |
|  2 |   10801080 | Apply for loan by 10801080 on 2020-04-11 |
+----+------------+------------------------------------------+
2 rows in set (0.00 sec)

mysql> select * from bank;
+----------+------+---------+----------------------------+------------+----------+--------------+------------+----------+
| accno    | age  | balance | email                      | loanamount | name     | password     | phoneno    | username |
+----------+------+---------+----------------------------+------------+----------+--------------+------------+----------+
|     1080 |   25 |   19300 | AnandroaNikam@gmail.com    |          0 | Anandrao | Papa1080     | 9049609747 | Anandroa |
|   108010 |   21 |   15000 | kalpeshnikam1080@gmail.com |          0 | kalpesh  | kalpeshnikam | 9049609747 | kalpesh  |
| 10801080 |   22 |   16800 | kalpeshnikam@gmail.com     |       1200 | paresh   | paresh1080   | 9049609747 | paresh   |
+----------+------+---------+----------------------------+------------+----------+--------------+------------+----------+
3 rows in set (0.00 sec)

mysql> select * from bank;
+----------+------+---------+----------------------------+------------+----------+--------------+------------+----------+
| accno    | age  | balance | email                      | loanamount | name     | password     | phoneno    | username |
+----------+------+---------+----------------------------+------------+----------+--------------+------------+----------+
|     1080 |   25 |   19300 | AnandroaNikam@gmail.com    |          0 | Anandrao | Papa1080     | 9049609747 | Anandroa |
|   108010 |   21 |   15000 | kalpeshnikam1080@gmail.com |          0 | kalpesh  | kalpeshnikam | 9049609747 | kalpesh  |
| 10801080 |   22 |   16800 | kalpeshnikam@gmail.com     |       1000 | paresh   | paresh1080   | 9049609747 | paresh   |
+----------+------+---------+----------------------------+------------+----------+--------------+------------+----------+
3 rows in set (0.00 sec)

mysql> select * from transaction;
+----+------------+-------------------------------------------+
| id | account_no | message                                   |
+----+------------+-------------------------------------------+
|  1 |       1080 | Create Account for 10802020-04-11         |
|  2 |   10801080 | Apply for loan by 10801080 on 2020-04-11  |
|  3 |   10801080 | Pay a EMI 200.0 by 10801080 on 2020-04-11 |
+----+------------+-------------------------------------------+
3 rows in set (0.00 sec)

mysql> select * from transaction;
+----+------------+-------------------------------------------+
| id | account_no | message                                   |
+----+------------+-------------------------------------------+
|  1 |       1080 | Create Account for 10802020-04-11         |
|  2 |   10801080 | Apply for loan by 10801080 on 2020-04-11  |
|  3 |   10801080 | Pay a EMI 200.0 by 10801080 on 2020-04-11 |
|  4 |   10801080 | Deposite 200.0 In 10801080 on 2020-04-11  |
+----+------------+-------------------------------------------+
4 rows in set (0.00 sec)

mysql> select * from bank;
+----------+------+---------+----------------------------+------------+----------+--------------+------------+----------+
| accno    | age  | balance | email                      | loanamount | name     | password     | phoneno    | username |
+----------+------+---------+----------------------------+------------+----------+--------------+------------+----------+
|     1080 |   25 |   19300 | AnandroaNikam@gmail.com    |          0 | Anandrao | Papa1080     | 9049609747 | Anandroa |
|   108010 |   21 |   15000 | kalpeshnikam1080@gmail.com |          0 | kalpesh  | kalpeshnikam | 9049609747 | kalpesh  |
| 10801080 |   22 |   17000 | kalpeshnikam@gmail.com     |       1000 | paresh   | paresh1080   | 9049609747 | paresh   |
+----------+------+---------+----------------------------+------------+----------+--------------+------------+----------+
3 rows in set (0.00 sec)

mysql> select * from bank;
+----------+------+---------+----------------------------+------------+----------+--------------+------------+----------+
| accno    | age  | balance | email                      | loanamount | name     | password     | phoneno    | username |
+----------+------+---------+----------------------------+------------+----------+--------------+------------+----------+
|     1080 |   25 |   19300 | AnandroaNikam@gmail.com    |          0 | Anandrao | Papa1080     | 9049609747 | Anandroa |
|   108010 |   21 |   15000 | kalpeshnikam1080@gmail.com |          0 | kalpesh  | kalpeshnikam | 9049609747 | kalpesh  |
| 10801080 |   22 |   16000 | kalpeshnikam@gmail.com     |          0 | paresh   | paresh1080   | 9049609747 | paresh   |
+----------+------+---------+----------------------------+------------+----------+--------------+------------+----------+
3 rows in set (0.00 sec)

mysql> select * from transaction;
+----+------------+---------------------------------------------+
| id | account_no | message                                     |
+----+------------+---------------------------------------------+
|  1 |       1080 | Create Account for 10802020-04-11           |
|  2 |   10801080 | Apply for loan by 10801080 on 2020-04-11    |
|  3 |   10801080 | Pay a EMI 200.0 by 10801080 on 2020-04-11   |
|  4 |   10801080 | Deposite 200.0 In 10801080 on 2020-04-11    |
|  5 |   10801080 | ForeClose the Loan of10801080 on 2020-04-11 |
+----+------------+---------------------------------------------+
5 rows in set (0.00 sec)

mysql> 

